measurement_id,site_id,recorded_at,ph,dissolved_oxygen_mgl,turbidity_ntu,chlorophyll_a_ugl,nitrate_mgl,phosphate_mgl,algae_cell_count_cells_ml,dominant_species_id,notes
b50daf36-0f89-5d4b-97e7-16aedab8803f,e10104b9-374c-53ba-b755-997b9f7a62c5,2021-12-12T09:00:00,9.6,11.95,64.6,153.81,0.124,0.115,30753,ca560248-021f-5df5-a733-fe7977306070,pH elevated to 9.6; intense photosynthetic activity driving CO2 depletion.
59819d14-6759-5814-9172-eb5812946104,a9c590d5-ecfb-5d7b-b134-ebbae6ac853c,2022-01-27T08:45:00,8.69,2.55,23.6,163.35,0.163,0.0603,49060,5680fb2c-596c-5cae-9da2-9a2830c88c15,pH elevated to 8.69; intense photosynthetic activity driving CO2 depletion.
2bf0a109-3ce8-5ab8-8de9-93d71f2a13ff,eca073c0-5e52-579f-bcec-8c21817761a0,2024-07-05T07:00:00,7.1,8.98,3.3,8.1,0.617,0.0248,1573,,Parameters within seasonal baseline; no intervention required.
14bbc406-3e2e-5049-a81f-772540e8bf2a,b2f34044-e3f5-594a-92f1-c7f14516de86,2022-07-22T09:00:00,7.02,10.45,1.7,2.64,1.913,0.0364,1765,,"Fortnightly grab sample; weather overcast, light wind."
778987ba-701f-58ac-b3f1-21d733db84c6,5a50eb3d-6685-51a0-8ed5-93d22c90f50d,2024-05-16T10:00:00,7.4,10.17,4.8,5.83,0.441,0.0165,1580,,Parameters within seasonal baseline; no intervention required.
79d840d7-bba1-5a79-91e8-6cab30c3faed,772a0b2b-7df0-558a-9e21-d4f42aaaff10,2023-05-09T10:30:00,7.22,10.37,6.0,5.45,1.549,0.0137,807,,Routine monitoring sample; all parameters within normal range.
6464bcdd-9cd4-568b-88ee-11126f9db26e,b2d06226-66a9-50c0-a5ba-58ae32da68f7,2023-12-28T09:00:00,7.76,9.26,7.1,6.7,1.037,0.0108,532,,No odour detected; water colour normal.
01df024f-3cc9-5321-8b81-928e69f72b9a,e2a66259-a7bb-52d9-9aaa-33350adee837,2020-05-20T07:15:00,7.52,9.6,3.4,4.59,0.845,0.0402,1754,,No odour detected; water colour normal.
31351cc5-1c26-5e3a-bb02-07846ad9e54a,e2a66259-a7bb-52d9-9aaa-33350adee837,2021-06-18T09:30:00,7.38,9.61,1.7,2.82,0.863,0.011,676,,No odour detected; water colour normal.
75bc79ae-0a23-5d62-8287-a5f14c9580b5,b2f34044-e3f5-594a-92f1-c7f14516de86,2023-05-15T07:30:00,7.38,9.22,4.7,4.34,0.584,0.0088,865,,Parameters within seasonal baseline; no intervention required.
d25a3b00-2512-545c-ba09-330219806a62,e2a66259-a7bb-52d9-9aaa-33350adee837,2024-07-25T08:00:00,7.67,8.4,4.4,5.87,0.645,0.0362,1304,,Parameters within seasonal baseline; no intervention required.
b29389e3-ea9d-5700-aea1-1a8bc2f08b12,bcc87cef-0c77-5c30-a67c-77e013a3936e,2022-06-24T09:15:00,7.56,8.99,3.8,4.99,0.894,0.0089,1005,,Water clarity good; no visible algal growth observed at surface.
c16c6d06-775d-54ef-9f9e-95fa935756af,aba731cc-dbfa-53d8-b97d-8a5745c8ba9a,2020-12-05T07:15:00,7.23,9.17,5.6,1.83,0.543,0.0285,1422,,No odour detected; water colour normal.
7b2fb369-7766-5062-985e-4c1574d6950a,5a50eb3d-6685-51a0-8ed5-93d22c90f50d,2020-07-25T08:15:00,7.02,8.95,4.8,8.81,1.239,0.0185,405,,"Fortnightly grab sample; weather overcast, light wind."
eda88e7f-8da7-5c2d-b381-10581b245531,bcc87cef-0c77-5c30-a67c-77e013a3936e,2020-01-10T07:30:00,8.83,12.87,66.9,215.9,0.037,0.0805,175139,04762f8c-7329-5da8-8726-bd42e76c1009,Cell count 175139 cells/mL; DO crash risk overnight; aeration deployed.
71656072-aba9-5af0-ae4c-6cdd02e2cbb1,ab224cb4-5f16-5681-bee5-02bc215256d6,2020-06-10T07:45:00,7.07,9.47,5.9,5.63,0.764,0.0099,1183,,Parameters within seasonal baseline; no intervention required.
a80223da-7cc4-584c-99ee-fc89bec469b6,bcc87cef-0c77-5c30-a67c-77e013a3936e,2021-02-16T09:30:00,9.32,14.92,42.3,69.7,0.031,0.0584,146943,ca560248-021f-5df5-a733-fe7977306070,Cell count 146943 cells/mL; DO crash risk overnight; aeration deployed.
63ade8d2-ac6e-5a09-8db7-1af2a375131e,86ad11ee-e67c-5f6f-afff-13708776a73c,2020-02-27T10:15:00,10.17,16.03,64.4,229.01,0.035,0.0571,141031,f8404ef1-6e70-538f-8e45-d49f7e2c8fec,Dense Planktothrix agardhii bloom; strong musty odour; recreational advisory in effect.
fa764bf7-9bd2-52c0-912b-26dcf3468298,eca073c0-5e52-579f-bcec-8c21817761a0,2023-07-28T09:00:00,7.59,7.54,5.1,4.64,1.477,0.0329,1397,,"Fortnightly grab sample; weather overcast, light wind."
54a95343-2f34-5e69-85e7-ebd64d84cd9a,86ad11ee-e67c-5f6f-afff-13708776a73c,2024-05-25T08:45:00,7.45,8.97,5.1,1.74,0.755,0.0336,827,,"Fortnightly grab sample; weather overcast, light wind."
fd021e95-978b-594d-87cb-ce01dbf0d85c,772a0b2b-7df0-558a-9e21-d4f42aaaff10,2024-02-18T07:30:00,8.6,14.01,84.0,92.51,0.193,0.0188,68712,139c6e40-31aa-5666-988e-8b9c18d883be,pH elevated to 8.6; intense photosynthetic activity driving CO2 depletion.
bf40e688-044d-5c09-86dc-7643908807c9,eca073c0-5e52-579f-bcec-8c21817761a0,2024-12-08T10:00:00,9.55,13.14,81.7,224.87,0.134,0.0611,203783,1e358323-30e0-5e1b-a5a2-719bd0c1f279,Dense Microcystis aeruginosa bloom; strong musty odour; recreational advisory in effect.
21cd8446-d3d3-5004-9582-7a3bfb9efbc0,a8948238-32f6-5d28-bf54-0805f1c4affa,2023-02-16T10:00:00,10.03,2.02,29.5,218.57,0.125,0.0883,119851,e73c07b2-f9dc-5b5f-82c0-7757642fa580,Visible surface scum across the inlet; algaecide application being considered.
07055c75-d76a-5714-b9cc-1a8a30499950,5ed1bbc9-c108-56e0-91b0-3b8effae2539,2022-05-28T07:30:00,7.57,10.06,3.7,7.3,0.827,0.0081,1686,,No odour detected; water colour normal.
286c722f-0bf8-5d5f-a6d3-7c642e04068c,b2f34044-e3f5-594a-92f1-c7f14516de86,2024-01-12T07:45:00,9.94,3.56,59.3,156.86,0.076,0.0473,107311,f8404ef1-6e70-538f-8e45-d49f7e2c8fec,Dense Planktothrix agardhii bloom; strong musty odour; recreational advisory in effect.
abc62b1c-fb6f-5b55-ba25-467ab8927606,eca073c0-5e52-579f-bcec-8c21817761a0,2022-07-26T10:00:00,7.38,9.7,3.1,3.36,1.596,0.0145,470,,"Fortnightly grab sample; weather overcast, light wind."
082af3d1-5e2d-5d9b-acac-07cc6d1da5f0,a9c590d5-ecfb-5d7b-b134-ebbae6ac853c,2020-12-22T10:45:00,9.81,14.01,51.4,93.76,0.056,0.0765,85536,9e0fb491-3df2-50f7-8412-29e49ab46b3a,Active bloom confirmed; site closed to recreational use; water supply intake protected.
d1ad71cb-ff68-51ab-accd-dd4f2c6005e3,dd6bde54-fca1-5c41-913c-cb3783e6199c,2024-06-21T08:15:00,7.23,10.23,1.7,1.99,0.645,0.0141,860,,Water clarity good; no visible algal growth observed at surface.
96f10af6-8421-588a-9d58-4bc4c8d9f97b,b2d06226-66a9-50c0-a5ba-58ae32da68f7,2020-02-06T09:15:00,6.94,9.14,2.4,8.11,1.985,0.0434,1273,,Routine monitoring sample; all parameters within normal range.
07a1c97e-4ed9-56e8-ae0d-3c6e23f5effb,28fc10d6-50dd-5ec3-87d9-0f145db4d4d5,2020-06-01T10:00:00,9.0,11.93,82.3,247.14,0.083,0.0477,74229,e73c07b2-f9dc-5b5f-82c0-7757642fa580,Active bloom confirmed; site closed to recreational use; water supply intake protected.
26ba9b9a-d97d-549c-a8bd-96ba754164c7,351b1a48-d61e-5e1b-8864-74e494879dc9,2020-06-14T10:15:00,7.42,8.4,4.0,1.0,0.859,0.0239,1387,,"Fortnightly grab sample; weather overcast, light wind."
9ddb0b86-f12d-59e6-a4e4-1bb629c2a160,5ed1bbc9-c108-56e0-91b0-3b8effae2539,2023-12-18T10:30:00,9.07,13.39,106.8,284.79,0.197,0.0363,120393,1e358323-30e0-5e1b-a5a2-719bd0c1f279,Dense Microcystis aeruginosa bloom; strong musty odour; recreational advisory in effect.
32d9843a-ae87-5b4b-a6a9-8c8bd7f2cbde,aba731cc-dbfa-53d8-b97d-8a5745c8ba9a,2024-12-04T07:00:00,7.06,9.03,5.2,5.64,1.32,0.0245,1001,,Parameters within seasonal baseline; no intervention required.
6da5a59a-fe66-561c-acb3-c8e10685a7ac,bcc87cef-0c77-5c30-a67c-77e013a3936e,2022-12-04T09:45:00,8.92,2.52,48.8,216.15,0.065,0.1052,61864,bb7ccfc9-8dd6-5d7f-8049-7693be1a646a,pH elevated to 8.92; intense photosynthetic activity driving CO2 depletion.
bf48feac-7bcf-57aa-802e-70e1ee14d284,bcc87cef-0c77-5c30-a67c-77e013a3936e,2021-05-11T08:30:00,7.66,8.46,5.9,3.76,1.038,0.0361,1254,,"Fortnightly grab sample; weather overcast, light wind."
7c0d2775-65fb-5557-9994-00ef9003b788,aba731cc-dbfa-53d8-b97d-8a5745c8ba9a,2023-07-04T08:15:00,9.66,16.27,57.6,241.26,0.099,0.042,201622,cd119cb6-cafd-52f2-b654-c66676f3b148,Active bloom confirmed; site closed to recreational use; water supply intake protected.
f77dbbc6-8ccd-51e3-beed-de82ae9fc049,28fc10d6-50dd-5ec3-87d9-0f145db4d4d5,2021-08-17T08:15:00,9.06,13.81,79.8,220.04,0.054,0.0823,123699,1e358323-30e0-5e1b-a5a2-719bd0c1f279,pH elevated to 9.06; intense photosynthetic activity driving CO2 depletion.
3c9ff0ac-2f36-558c-af15-fd82554d19e0,5ed1bbc9-c108-56e0-91b0-3b8effae2539,2020-05-14T09:30:00,7.47,10.07,4.3,6.55,0.861,0.043,1757,,"Fortnightly grab sample; weather overcast, light wind."
3e80ab97-0dd9-5640-be02-4c07f66302ed,b2f34044-e3f5-594a-92f1-c7f14516de86,2020-02-28T07:30:00,9.52,3.52,36.0,227.32,0.06,0.0219,165821,b645cfbb-2bae-5340-a4ca-762e54c013c0,Dense Asterionella formosa bloom; strong musty odour; recreational advisory in effect.
76c4a4ea-4195-5139-9441-25bc1297c1c5,b2d06226-66a9-50c0-a5ba-58ae32da68f7,2021-01-18T10:00:00,6.82,9.67,6.4,3.29,1.204,0.0338,1081,,Routine monitoring sample; all parameters within normal range.
9e21df9f-5477-56c4-a1f4-0908016b7c5b,5ed1bbc9-c108-56e0-91b0-3b8effae2539,2022-01-21T08:45:00,10.09,3.97,66.9,180.27,0.105,0.0602,57917,36f92b99-681f-5cf0-bdfe-7f48ae9882a9,Cell count 57917 cells/mL; DO crash risk overnight; aeration deployed.
b179a821-4e8d-5271-9ea2-e503d37f7bdc,5a50eb3d-6685-51a0-8ed5-93d22c90f50d,2023-05-03T08:30:00,7.59,9.38,4.5,8.47,1.08,0.0281,1526,,"Fortnightly grab sample; weather overcast, light wind."
f7a12dd7-efa5-5e90-93f9-e2be17eb7187,ab224cb4-5f16-5681-bee5-02bc215256d6,2021-05-23T08:15:00,7.36,10.49,3.7,4.01,1.931,0.025,1291,,"Fortnightly grab sample; weather overcast, light wind."
472cce80-85ba-564c-993e-0465b3614f77,a8948238-32f6-5d28-bf54-0805f1c4affa,2021-05-26T07:30:00,7.66,7.93,2.1,3.01,0.679,0.0325,252,,"Fortnightly grab sample; weather overcast, light wind."
3556b8c4-be3d-5a12-9dd2-96a20cac93a3,86ad11ee-e67c-5f6f-afff-13708776a73c,2024-01-12T09:30:00,8.98,15.9,61.7,189.49,0.054,0.0365,126542,5680fb2c-596c-5cae-9da2-9a2830c88c15,pH elevated to 8.98; intense photosynthetic activity driving CO2 depletion.
9c6c04f3-1e4a-5db0-9a1e-ab3e9b2edb3d,e10104b9-374c-53ba-b755-997b9f7a62c5,2022-12-23T10:45:00,9.39,13.32,88.8,154.6,0.159,0.0847,33727,fe051665-7950-5d14-8f59-48ae35cead29,Visible surface scum across the inlet; algaecide application being considered.
e43b1101-0749-52f6-aadd-f20ccdb34b57,e2a66259-a7bb-52d9-9aaa-33350adee837,2023-06-16T07:00:00,7.66,7.96,2.2,6.44,1.354,0.0222,1420,,Parameters within seasonal baseline; no intervention required.
a4e1688a-1dd1-5042-9a5d-b73ae42e5c70,5ed1bbc9-c108-56e0-91b0-3b8effae2539,2024-05-28T10:30:00,7.43,10.16,6.4,5.33,1.388,0.0167,1601,,Routine monitoring sample; all parameters within normal range.
ffb24e03-cd8e-591f-be60-81fcd2102fe7,86ad11ee-e67c-5f6f-afff-13708776a73c,2022-01-19T07:30:00,9.48,13.38,90.6,103.55,0.127,0.1014,83661,1596303d-c95b-55e3-b24c-256261143588,Visible surface scum across the inlet; algaecide application being considered.
9f8e1af3-1135-552d-8fcf-dcd04ac8104c,aba731cc-dbfa-53d8-b97d-8a5745c8ba9a,2021-01-03T08:45:00,7.08,8.4,7.4,3.89,1.911,0.0347,1215,,Routine monitoring sample; all parameters within normal range.
97ee22a5-51f0-5da3-9011-cac10defaa27,b2d06226-66a9-50c0-a5ba-58ae32da68f7,2024-08-11T10:15:00,9.84,11.89,96.6,143.38,0.038,0.0355,39927,1e358323-30e0-5e1b-a5a2-719bd0c1f279,Visible surface scum across the inlet; algaecide application being considered.
f1f26b78-63e0-58d0-b667-7f63e5b175f8,e967cd58-d230-511a-8d81-255fab5748a9,2024-01-17T10:30:00,10.1,4.9,42.6,309.88,0.068,0.0219,133918,a4ab21f9-c895-594b-bd89-7e14959bd207,Active bloom confirmed; site closed to recreational use; water supply intake protected.
f9ac3dc8-49af-56c9-af1d-705fc0da2b3d,a9c590d5-ecfb-5d7b-b134-ebbae6ac853c,2024-12-23T10:00:00,9.0,2.2,23.1,302.01,0.113,0.1188,162352,5680fb2c-596c-5cae-9da2-9a2830c88c15,Visible surface scum across the inlet; algaecide application being considered.
2c53cac6-88a0-505d-bb2d-8c9cc1f6a5fc,a113884d-c740-5822-aff6-d6cd26c56d78,2022-12-26T08:15:00,7.48,9.29,5.0,5.2,1.245,0.0214,1355,,Parameters within seasonal baseline; no intervention required.
df7f5581-bb4c-57ab-add3-5418d489e63c,772a0b2b-7df0-558a-9e21-d4f42aaaff10,2022-01-07T07:00:00,9.62,2.94,84.8,64.63,0.138,0.0811,35889,ca560248-021f-5df5-a733-fe7977306070,Visible surface scum across the inlet; algaecide application being considered.
672405d3-654b-5172-8af1-7c84f248145a,ab224cb4-5f16-5681-bee5-02bc215256d6,2022-02-22T09:45:00,8.83,3.45,36.9,312.69,0.074,0.0418,74336,5680fb2c-596c-5cae-9da2-9a2830c88c15,Visible surface scum across the inlet; algaecide application being considered.
96ddb8a7-1d6f-5859-b7b5-df34b452350f,dd6bde54-fca1-5c41-913c-cb3783e6199c,2021-06-05T07:15:00,7.58,8.6,3.2,5.54,1.368,0.0331,959,,Routine monitoring sample; all parameters within normal range.
a8a995d5-ac15-5eda-a29a-a2d00d98a7af,e2a66259-a7bb-52d9-9aaa-33350adee837,2022-01-21T09:15:00,9.13,2.43,90.2,224.97,0.13,0.0288,84175,f8404ef1-6e70-538f-8e45-d49f7e2c8fec,Active bloom confirmed; site closed to recreational use; water supply intake protected.
46e9199f-24f7-5249-ba66-249e826d5df7,b2d06226-66a9-50c0-a5ba-58ae32da68f7,2024-02-01T09:45:00,7.29,8.57,9.2,4.45,1.488,0.0324,375,,Water clarity good; no visible algal growth observed at surface.
14829c5a-f545-55a8-a74f-e245bb744f3b,772a0b2b-7df0-558a-9e21-d4f42aaaff10,2021-06-08T07:00:00,7.66,7.71,2.6,6.35,0.743,0.0129,1369,,Water clarity good; no visible algal growth observed at surface.
d777e222-ad64-5ddb-9050-5c27c7870db3,dd6bde54-fca1-5c41-913c-cb3783e6199c,2024-12-13T10:45:00,9.81,11.87,92.9,223.43,0.101,0.0848,110312,04762f8c-7329-5da8-8726-bd42e76c1009,pH elevated to 9.81; intense photosynthetic activity driving CO2 depletion.
e6f71b43-780f-5d5f-8abd-82fe6e333f1d,b2d06226-66a9-50c0-a5ba-58ae32da68f7,2021-06-05T08:00:00,9.7,3.27,73.3,216.82,0.14,0.0778,146669,0fbf8c30-0f98-5d7c-beb8-ee18ea1981aa,Dense Nodularia spumigena bloom; strong musty odour; recreational advisory in effect.
fc9826ec-75f1-587a-b8ca-48ac0bb23628,a9c590d5-ecfb-5d7b-b134-ebbae6ac853c,2021-05-26T08:15:00,6.84,10.25,3.6,7.65,1.614,0.0254,1460,36f92b99-681f-5cf0-bdfe-7f48ae9882a9,Routine monitoring sample; all parameters within normal range.
a9b8f809-534c-5525-93af-6705b9f25a94,ab224cb4-5f16-5681-bee5-02bc215256d6,2020-12-20T09:30:00,9.36,13.95,62.2,178.22,0.023,0.0464,48732,ef21fcba-bb41-5c62-a797-74077f71eb2e,pH elevated to 9.36; intense photosynthetic activity driving CO2 depletion.
5963e247-43ef-5259-b722-1eb095a1fca5,a8948238-32f6-5d28-bf54-0805f1c4affa,2024-01-27T10:45:00,9.21,2.99,69.9,151.06,0.047,0.1115,37598,36f92b99-681f-5cf0-bdfe-7f48ae9882a9,Dense Aphanizomenon flos-aquae bloom; strong musty odour; recreational advisory in effect.
da1303a3-3d95-5115-b57d-9d3c3189d33f,e967cd58-d230-511a-8d81-255fab5748a9,2024-07-20T07:45:00,7.7,8.07,2.7,4.49,1.232,0.0378,1606,,Water clarity good; no visible algal growth observed at surface.
59f18eea-665e-5984-85eb-066601d0732e,351b1a48-d61e-5e1b-8864-74e494879dc9,2024-06-10T10:45:00,7.34,9.7,5.1,8.18,1.181,0.0181,1194,bb7ccfc9-8dd6-5d7f-8049-7693be1a646a,No odour detected; water colour normal.
e4cc019c-8f0e-501e-a36f-df9a152e3384,aba731cc-dbfa-53d8-b97d-8a5745c8ba9a,2020-08-03T09:15:00,9.15,12.27,63.4,147.39,0.036,0.1137,136584,6baca93a-e6a8-5985-adbf-9d7173d62c45,Dense Alexandrium minutum bloom; strong musty odour; recreational advisory in effect.
741616b9-4c3a-5c84-a079-3cf1e8c092d1,b2f34044-e3f5-594a-92f1-c7f14516de86,2020-06-25T09:15:00,7.61,10.04,5.9,7.55,1.382,0.0318,253,,"Fortnightly grab sample; weather overcast, light wind."
6f7f5964-33c6-56fe-9792-757b081d3f4b,e967cd58-d230-511a-8d81-255fab5748a9,2020-05-18T08:30:00,6.93,8.55,2.8,2.95,0.856,0.0242,1312,,Parameters within seasonal baseline; no intervention required.
26d5ebf9-3481-57ba-bb8f-885bda51801e,86ad11ee-e67c-5f6f-afff-13708776a73c,2023-06-28T08:00:00,7.08,8.85,4.9,5.56,1.469,0.0204,1212,,Water clarity good; no visible algal growth observed at surface.
a7090360-4901-5737-bbda-cecbf798ece2,28fc10d6-50dd-5ec3-87d9-0f145db4d4d5,2023-01-16T09:15:00,6.99,10.03,4.3,7.92,1.923,0.0259,599,,Parameters within seasonal baseline; no intervention required.
6e33d852-d778-5ba5-8ba9-414ca59a0e9b,ab224cb4-5f16-5681-bee5-02bc215256d6,2023-06-20T08:15:00,6.85,10.22,2.5,2.86,0.56,0.0202,1167,,Water clarity good; no visible algal growth observed at surface.
5fe034ec-41d8-5195-a3b4-f15c03664396,86ad11ee-e67c-5f6f-afff-13708776a73c,2023-02-23T08:45:00,8.8,14.75,66.2,298.3,0.159,0.0611,175313,cf81345d-3a1a-5d00-bd57-4ce4595edac0,Visible surface scum across the inlet; algaecide application being considered.
4078e69a-ec9c-5398-b776-cec423d8cb9b,a9c590d5-ecfb-5d7b-b134-ebbae6ac853c,2024-05-02T08:30:00,7.16,9.84,5.4,3.66,0.599,0.0216,1019,,No odour detected; water colour normal.
3d04efbc-400d-5486-b4af-c46155055199,531f37c3-084e-55b3-bc9b-0db5281b54d8,2024-02-04T10:30:00,7.71,8.61,3.4,5.5,0.754,0.0134,734,,Parameters within seasonal baseline; no intervention required.
641bd802-4ba5-5105-b8a8-d4d6f92ffe05,a8948238-32f6-5d28-bf54-0805f1c4affa,2022-12-11T07:15:00,8.95,2.97,28.5,67.16,0.101,0.0498,175625,1596303d-c95b-55e3-b24c-256261143588,Active bloom confirmed; site closed to recreational use; water supply intake protected.
e0c0dd28-2ba7-590a-8aa6-32297d167c2e,351b1a48-d61e-5e1b-8864-74e494879dc9,2024-02-14T07:15:00,9.92,4.19,91.0,55.27,0.179,0.0733,145037,1e358323-30e0-5e1b-a5a2-719bd0c1f279,Visible surface scum across the inlet; algaecide application being considered.
b1fb57aa-7623-564c-92bb-7eacd0e6864d,531f37c3-084e-55b3-bc9b-0db5281b54d8,2021-02-11T09:15:00,7.1,7.93,4.5,2.77,0.881,0.0103,1411,,Water clarity good; no visible algal growth observed at surface.
89077178-0395-5823-aaa1-9b69d35bdf9c,e967cd58-d230-511a-8d81-255fab5748a9,2022-06-26T07:30:00,7.01,8.25,3.2,7.24,1.815,0.023,1471,,Water clarity good; no visible algal growth observed at surface.
1e17c93d-43b7-5611-a4c9-9cc00454f738,531f37c3-084e-55b3-bc9b-0db5281b54d8,2020-08-24T08:00:00,9.79,13.82,73.9,164.51,0.088,0.0353,140750,b645cfbb-2bae-5340-a4ca-762e54c013c0,Cell count 140750 cells/mL; DO crash risk overnight; aeration deployed.
7e8700d7-71f5-5e13-876f-36d9780694d1,dd6bde54-fca1-5c41-913c-cb3783e6199c,2023-07-08T07:15:00,7.59,8.21,3.7,3.89,1.316,0.0253,1329,,Routine monitoring sample; all parameters within normal range.
86cf229c-73f1-51cc-a095-fc6c2f20d2e0,b2f34044-e3f5-594a-92f1-c7f14516de86,2021-12-09T09:30:00,9.1,2.0,69.3,68.79,0.153,0.1169,44053,e73c07b2-f9dc-5b5f-82c0-7757642fa580,Cell count 44053 cells/mL; DO crash risk overnight; aeration deployed.
fe860f82-e544-5ae1-866c-ebafc7d7c3b4,5a50eb3d-6685-51a0-8ed5-93d22c90f50d,2023-02-09T07:15:00,8.91,12.28,50.6,236.13,0.105,0.0136,95524,019baaf8-2226-5edd-b398-0f57fd9c0238,Active bloom confirmed; site closed to recreational use; water supply intake protected.
192bc516-63a8-53aa-a131-68982fc0c7e6,e967cd58-d230-511a-8d81-255fab5748a9,2020-01-22T09:15:00,8.95,3.76,97.7,300.83,0.188,0.011,182833,139c6e40-31aa-5666-988e-8b9c18d883be,Dense Lyngbya majuscula bloom; strong musty odour; recreational advisory in effect.
3dc44d1b-a7f2-5168-80ba-b4b776fec3be,ab224cb4-5f16-5681-bee5-02bc215256d6,2024-07-24T07:15:00,7.22,10.01,5.7,1.29,1.738,0.0372,581,,"Fortnightly grab sample; weather overcast, light wind."
67c9541e-45dc-54a8-a17c-a58f75ec7d43,e2a66259-a7bb-52d9-9aaa-33350adee837,2021-01-05T08:30:00,8.67,2.76,45.8,121.42,0.028,0.0605,52722,ca85cd3d-6c4f-50f2-ae15-7d41b6d53a49,Dense Cyclotella meneghiniana bloom; strong musty odour; recreational advisory in effect.
62737994-6b7f-5b6a-a75d-78f692503527,a9c590d5-ecfb-5d7b-b134-ebbae6ac853c,2023-07-24T09:15:00,6.84,9.14,5.2,2.4,1.647,0.0252,1624,,Water clarity good; no visible algal growth observed at surface.
8de62970-1486-5d52-887b-3def1eb9eaa1,a8948238-32f6-5d28-bf54-0805f1c4affa,2020-01-24T08:45:00,9.61,14.58,90.4,125.53,0.144,0.0339,136574,20d55621-1e25-59cd-84d1-cd62f17d365e,Visible surface scum across the inlet; algaecide application being considered.
d6d138b3-fc48-503a-828a-39aae588effb,772a0b2b-7df0-558a-9e21-d4f42aaaff10,2021-02-13T09:45:00,10.03,12.74,24.8,55.68,0.12,0.0747,21885,139c6e40-31aa-5666-988e-8b9c18d883be,Dense Lyngbya majuscula bloom; strong musty odour; recreational advisory in effect.
3f429121-0e3f-5e38-bfcd-65746055532f,e2a66259-a7bb-52d9-9aaa-33350adee837,2022-06-13T09:15:00,7.48,10.03,5.0,2.83,0.451,0.0197,748,bb7ccfc9-8dd6-5d7f-8049-7693be1a646a,Water clarity good; no visible algal growth observed at surface.
fafd688f-f0ac-5e22-8fed-4bfa16921174,e2a66259-a7bb-52d9-9aaa-33350adee837,2023-02-13T10:15:00,8.95,3.46,39.7,207.84,0.182,0.0539,77493,04762f8c-7329-5da8-8726-bd42e76c1009,pH elevated to 8.95; intense photosynthetic activity driving CO2 depletion.
138571e5-8e65-55d0-b36a-8264ccf891a0,a8948238-32f6-5d28-bf54-0805f1c4affa,2023-05-15T10:00:00,7.59,7.84,4.4,8.02,1.282,0.04,1080,,Water clarity good; no visible algal growth observed at surface.
9f7b0419-919f-53c9-bca9-a698de3b6bdb,dd6bde54-fca1-5c41-913c-cb3783e6199c,2021-02-09T07:00:00,9.64,14.07,76.2,93.2,0.026,0.1034,197756,ca560248-021f-5df5-a733-fe7977306070,Dense Cladophora glomerata bloom; strong musty odour; recreational advisory in effect.
1ecd7614-2c6f-5ced-b7cd-fdf840f5dc53,5ed1bbc9-c108-56e0-91b0-3b8effae2539,2021-01-04T10:00:00,9.62,13.57,39.7,147.68,0.156,0.0788,33529,36f92b99-681f-5cf0-bdfe-7f48ae9882a9,Cell count 33529 cells/mL; DO crash risk overnight; aeration deployed.
d134a1a6-0193-560e-a62c-2f8432d800b1,eca073c0-5e52-579f-bcec-8c21817761a0,2021-01-18T08:00:00,9.25,3.56,122.2,164.56,0.065,0.103,72223,9e0fb491-3df2-50f7-8412-29e49ab46b3a,Dense Anabaena flos-aquae bloom; strong musty odour; recreational advisory in effect.
9212b403-40a0-5fa0-ad34-86099b845c52,772a0b2b-7df0-558a-9e21-d4f42aaaff10,2023-12-21T07:00:00,10.07,12.33,56.4,107.71,0.092,0.0164,119345,139c6e40-31aa-5666-988e-8b9c18d883be,Active bloom confirmed; site closed to recreational use; water supply intake protected.
2af24b92-75cf-5391-a41d-bae752504ccd,eca073c0-5e52-579f-bcec-8c21817761a0,2021-07-08T10:30:00,7.37,10.48,4.7,8.82,1.453,0.0182,1359,,Routine monitoring sample; all parameters within normal range.
b4a258e4-86f5-5a45-b847-60778b2d728f,ab224cb4-5f16-5681-bee5-02bc215256d6,2024-12-06T10:45:00,9.31,4.87,44.1,224.39,0.183,0.0198,170505,20d55621-1e25-59cd-84d1-cd62f17d365e,pH elevated to 9.31; intense photosynthetic activity driving CO2 depletion.
3a600679-ef02-57e4-9130-53a16b732c0b,a113884d-c740-5822-aff6-d6cd26c56d78,2024-12-13T10:45:00,7.18,9.55,4.5,5.31,1.446,0.0209,565,,No odour detected; water colour normal.
7837660b-5d0c-594b-8da1-3530776e0ab1,28fc10d6-50dd-5ec3-87d9-0f145db4d4d5,2024-08-16T10:45:00,9.21,13.94,26.2,58.33,0.157,0.0421,92051,20d55621-1e25-59cd-84d1-cd62f17d365e,pH elevated to 9.21; intense photosynthetic activity driving CO2 depletion.
4470cc23-4af8-5613-ba5d-ce5ec34272c5,dd6bde54-fca1-5c41-913c-cb3783e6199c,2023-12-28T09:30:00,9.71,12.95,42.5,92.53,0.148,0.087,65636,b645cfbb-2bae-5340-a4ca-762e54c013c0,pH elevated to 9.71; intense photosynthetic activity driving CO2 depletion.
fd161cb7-edca-5ac7-b267-9da80be6c733,a113884d-c740-5822-aff6-d6cd26c56d78,2020-12-06T10:30:00,7.52,7.54,3.0,3.36,1.479,0.0151,1451,,No odour detected; water colour normal.
fb3d11a2-c200-5b75-8085-90aa862ea4ce,ab224cb4-5f16-5681-bee5-02bc215256d6,2021-01-27T08:00:00,9.47,12.45,53.1,163.07,0.094,0.0324,151548,5680fb2c-596c-5cae-9da2-9a2830c88c15,Dense Spirogyra spp. bloom; strong musty odour; recreational advisory in effect.
e2f841f7-4f1c-5fa0-816e-8ca27c66e8f0,e10104b9-374c-53ba-b755-997b9f7a62c5,2023-05-03T10:30:00,6.82,8.43,5.8,3.73,1.626,0.0151,481,,"Fortnightly grab sample; weather overcast, light wind."
de01b45c-283a-5e7b-8c59-56d3603de8c8,b2d06226-66a9-50c0-a5ba-58ae32da68f7,2023-08-17T07:15:00,8.86,15.94,80.8,62.57,0.033,0.1118,162352,0fbf8c30-0f98-5d7c-beb8-ee18ea1981aa,Cell count 162352 cells/mL; DO crash risk overnight; aeration deployed.
c40903b1-a316-51d5-bf92-60c5e4ddd4f2,5a50eb3d-6685-51a0-8ed5-93d22c90f50d,2022-02-22T07:15:00,8.75,13.02,94.5,81.98,0.158,0.0767,182114,20d55621-1e25-59cd-84d1-cd62f17d365e,pH elevated to 8.75; intense photosynthetic activity driving CO2 depletion.
94c7b893-6327-51c2-a40d-d1967df0e9ce,e967cd58-d230-511a-8d81-255fab5748a9,2023-05-08T08:45:00,7.15,9.96,9.1,2.78,1.456,0.0227,770,,"Fortnightly grab sample; weather overcast, light wind."
62f5076e-56e9-5f38-be8a-1854e5a29b6e,5a50eb3d-6685-51a0-8ed5-93d22c90f50d,2020-01-17T09:45:00,10.19,13.26,54.0,132.79,0.061,0.0893,102719,1596303d-c95b-55e3-b24c-256261143588,pH elevated to 10.19; intense photosynthetic activity driving CO2 depletion.
2cc91322-bcdb-5c2f-a309-62ae512c1a65,28fc10d6-50dd-5ec3-87d9-0f145db4d4d5,2024-02-10T08:45:00,7.37,9.82,3.7,5.09,1.316,0.0179,1312,,"Fortnightly grab sample; weather overcast, light wind."
8810211e-82e0-5c24-97b1-8313edd2d791,e10104b9-374c-53ba-b755-997b9f7a62c5,2020-05-11T09:15:00,7.24,8.91,4.3,7.37,1.346,0.021,351,,No odour detected; water colour normal.
6c05a902-4150-55cf-91ab-5210f215ad33,aba731cc-dbfa-53d8-b97d-8a5745c8ba9a,2022-01-23T08:45:00,7.11,10.39,9.6,3.33,1.512,0.0262,1379,,"Fortnightly grab sample; weather overcast, light wind."
c189059a-3afd-502a-a911-37308f4e651c,dd6bde54-fca1-5c41-913c-cb3783e6199c,2020-05-04T07:30:00,7.46,8.42,4.2,4.41,1.504,0.021,286,,"Fortnightly grab sample; weather overcast, light wind."
438a5470-4534-5415-8470-f0b95950de80,86ad11ee-e67c-5f6f-afff-13708776a73c,2022-05-28T07:00:00,7.15,8.79,3.2,5.05,0.946,0.0394,1203,,"Fortnightly grab sample; weather overcast, light wind."
62e6a2eb-30ed-5f7b-8c77-d08d626d4ce5,531f37c3-084e-55b3-bc9b-0db5281b54d8,2022-08-14T10:00:00,10.15,14.86,78.9,136.06,0.095,0.0264,118686,f8404ef1-6e70-538f-8e45-d49f7e2c8fec,pH elevated to 10.15; intense photosynthetic activity driving CO2 depletion.
05766c01-b347-5168-86c9-3527d2b7a425,a8948238-32f6-5d28-bf54-0805f1c4affa,2022-07-17T08:00:00,7.53,10.23,4.5,3.41,1.429,0.0092,1180,,No odour detected; water colour normal.
bd811eae-187d-5eb6-a3eb-592cbe577492,a8948238-32f6-5d28-bf54-0805f1c4affa,2020-07-04T09:30:00,6.86,8.33,5.9,8.59,1.719,0.0114,634,,Parameters within seasonal baseline; no intervention required.
e34c05bc-7c39-5734-b6c2-73a2c40cacca,5a50eb3d-6685-51a0-8ed5-93d22c90f50d,2024-12-02T08:30:00,9.51,16.11,52.9,176.55,0.075,0.0543,91367,e73c07b2-f9dc-5b5f-82c0-7757642fa580,pH elevated to 9.51; intense photosynthetic activity driving CO2 depletion.
f39d06cf-2111-5f92-89e5-a85d8320057b,dd6bde54-fca1-5c41-913c-cb3783e6199c,2020-01-16T10:30:00,10.07,15.51,74.5,71.31,0.128,0.1005,162992,019baaf8-2226-5edd-b398-0f57fd9c0238,Visible surface scum across the inlet; algaecide application being considered.
2183a633-3062-50f4-b8e7-6db0e0e72e22,772a0b2b-7df0-558a-9e21-d4f42aaaff10,2020-07-27T07:15:00,6.93,8.93,4.0,3.12,1.796,0.0237,633,,Water clarity good; no visible algal growth observed at surface.
1120828d-8e1b-5a66-8b6c-46860b43b6b0,b2f34044-e3f5-594a-92f1-c7f14516de86,2021-05-13T10:45:00,7.14,8.61,4.7,7.21,1.308,0.0111,307,,Parameters within seasonal baseline; no intervention required.
45eb7277-093a-5f47-8793-e651c77930f4,28fc10d6-50dd-5ec3-87d9-0f145db4d4d5,2020-01-12T10:00:00,7.24,9.59,2.9,3.4,1.696,0.0123,902,,Water clarity good; no visible algal growth observed at surface.
902dd339-3bd6-52b6-8a61-d8f3e3f79e8e,b2f34044-e3f5-594a-92f1-c7f14516de86,2024-07-17T07:15:00,7.71,8.55,4.8,7.55,1.704,0.0167,499,,Water clarity good; no visible algal growth observed at surface.
6888b1f2-f423-5e94-8033-685cce4a7fb9,a9c590d5-ecfb-5d7b-b134-ebbae6ac853c,2020-06-28T09:00:00,7.51,9.05,2.1,1.67,0.656,0.0246,1251,,No odour detected; water colour normal.
dfaa4ce7-e465-531b-a3b2-29a94729c7bd,e2a66259-a7bb-52d9-9aaa-33350adee837,2020-02-01T09:15:00,8.88,14.88,86.9,73.47,0.096,0.0133,77314,20d55621-1e25-59cd-84d1-cd62f17d365e,pH elevated to 8.88; intense photosynthetic activity driving CO2 depletion.
e0a123c3-8a30-51ca-b370-2b96e9c6ced9,b2d06226-66a9-50c0-a5ba-58ae32da68f7,2022-06-05T08:15:00,9.55,2.74,142.7,71.34,0.193,0.0605,83755,3eea7c7a-2ac4-52e5-91f3-bc1c82e66c0b,Visible surface scum across the inlet; algaecide application being considered.
e0abf7f8-223d-5dbe-a144-fd3b36ff65a2,86ad11ee-e67c-5f6f-afff-13708776a73c,2020-05-09T10:30:00,7.01,8.48,4.9,4.03,1.603,0.0388,716,,No odour detected; water colour normal.
645cb265-9854-5dd5-ad68-7d56d6eb72f7,dd6bde54-fca1-5c41-913c-cb3783e6199c,2022-02-17T09:45:00,9.03,4.86,21.9,100.23,0.113,0.1105,50870,cf81345d-3a1a-5d00-bd57-4ce4595edac0,Visible surface scum across the inlet; algaecide application being considered.
9c7249e3-e9e9-5885-ad0f-4eeece730ce2,a9c590d5-ecfb-5d7b-b134-ebbae6ac853c,2023-02-17T07:45:00,9.98,2.85,48.0,251.78,0.084,0.0174,83209,1596303d-c95b-55e3-b24c-256261143588,pH elevated to 9.98; intense photosynthetic activity driving CO2 depletion.
5c45ba4f-1632-5bb6-b74c-339273355b88,b2f34044-e3f5-594a-92f1-c7f14516de86,2022-12-03T09:45:00,9.63,13.71,40.5,253.83,0.04,0.0573,94251,5680fb2c-596c-5cae-9da2-9a2830c88c15,pH elevated to 9.63; intense photosynthetic activity driving CO2 depletion.
0be91047-8310-5ed2-98f5-1598f9b5ae1f,531f37c3-084e-55b3-bc9b-0db5281b54d8,2021-07-22T07:15:00,9.76,12.67,36.3,283.21,0.03,0.0654,95828,20d55621-1e25-59cd-84d1-cd62f17d365e,pH elevated to 9.76; intense photosynthetic activity driving CO2 depletion.
6f39c799-18d6-54fb-b197-ffafc4c00e93,a113884d-c740-5822-aff6-d6cd26c56d78,2021-02-19T07:30:00,7.45,9.58,1.8,1.95,0.891,0.023,1229,,"Fortnightly grab sample; weather overcast, light wind."
4e0693d2-1ebd-51bd-a9b2-3b7e0b17484a,e10104b9-374c-53ba-b755-997b9f7a62c5,2021-05-21T08:30:00,7.41,9.0,5.8,4.6,1.698,0.039,1662,fe051665-7950-5d14-8f59-48ae35cead29,Water clarity good; no visible algal growth observed at surface.
c7a9f044-4d32-56fe-a0c0-27bc255e487f,e967cd58-d230-511a-8d81-255fab5748a9,2021-07-17T10:30:00,7.71,10.04,2.1,4.39,0.843,0.0081,1779,,Water clarity good; no visible algal growth observed at surface.
bfd7436b-5bef-5fbd-a1fc-26c9cf47bd4b,772a0b2b-7df0-558a-9e21-d4f42aaaff10,2024-07-03T08:45:00,6.92,10.17,2.6,5.76,1.391,0.0235,1395,,"Fortnightly grab sample; weather overcast, light wind."
0c67f135-3911-5f7c-bbf3-98796b54abad,28fc10d6-50dd-5ec3-87d9-0f145db4d4d5,2022-01-28T10:15:00,7.61,9.62,2.8,5.92,0.536,0.013,441,,Routine monitoring sample; all parameters within normal range.
e4006059-7847-5997-ae6d-31a8ee53ec9c,b2f34044-e3f5-594a-92f1-c7f14516de86,2023-12-16T10:15:00,8.72,12.65,61.9,230.37,0.084,0.0537,31089,ef21fcba-bb41-5c62-a797-74077f71eb2e,Dense Chlorella vulgaris bloom; strong musty odour; recreational advisory in effect.
2b6c63cc-a104-5ec9-b56f-6198c889fae9,e10104b9-374c-53ba-b755-997b9f7a62c5,2023-02-12T09:45:00,8.72,11.92,61.9,223.74,0.079,0.0241,204242,fe051665-7950-5d14-8f59-48ae35cead29,pH elevated to 8.72; intense photosynthetic activity driving CO2 depletion.
001acaac-efcf-5fc2-9c81-66bedc3c9487,a113884d-c740-5822-aff6-d6cd26c56d78,2022-08-21T09:30:00,9.54,1.97,31.5,251.89,0.129,0.0557,163978,5680fb2c-596c-5cae-9da2-9a2830c88c15,pH elevated to 9.54; intense photosynthetic activity driving CO2 depletion.
9891e500-5f01-522a-be72-04b2aa91a7e5,351b1a48-d61e-5e1b-8864-74e494879dc9,2023-01-15T08:45:00,9.27,15.7,40.8,259.97,0.107,0.0363,135309,36f92b99-681f-5cf0-bdfe-7f48ae9882a9,Visible surface scum across the inlet; algaecide application being considered.
272e1e97-41cb-5768-be2e-3a23613b05d9,dd6bde54-fca1-5c41-913c-cb3783e6199c,2022-05-23T10:15:00,7.8,8.36,5.6,4.93,0.596,0.0396,1125,,No odour detected; water colour normal.
756e8e54-095f-5749-851e-986be808985f,e10104b9-374c-53ba-b755-997b9f7a62c5,2020-02-25T07:15:00,10.12,13.82,62.3,206.46,0.143,0.107,188556,fe051665-7950-5d14-8f59-48ae35cead29,pH elevated to 10.12; intense photosynthetic activity driving CO2 depletion.
9d84b149-4360-5cb5-9d28-c9bb1adf40f4,531f37c3-084e-55b3-bc9b-0db5281b54d8,2022-02-16T08:15:00,7.1,9.62,5.1,8.32,1.3,0.0438,1341,,No odour detected; water colour normal.
0298f963-2b6f-526e-ba0f-75ab642ca0f4,a113884d-c740-5822-aff6-d6cd26c56d78,2024-06-14T09:00:00,9.42,4.63,94.0,177.46,0.072,0.0298,55501,ef21fcba-bb41-5c62-a797-74077f71eb2e,Visible surface scum across the inlet; algaecide application being considered.
e582e7eb-329a-5f7a-9922-540f50636eea,351b1a48-d61e-5e1b-8864-74e494879dc9,2023-07-08T09:30:00,7.12,9.12,2.1,2.85,1.51,0.0341,331,,"Fortnightly grab sample; weather overcast, light wind."
0ede4191-4919-5650-b8c5-7c8bff8a8300,aba731cc-dbfa-53d8-b97d-8a5745c8ba9a,2023-01-05T09:15:00,7.05,7.96,4.5,4.02,1.119,0.0301,1392,,No odour detected; water colour normal.
1832f0b9-766d-5c88-bfa6-b4b531cfee4b,351b1a48-d61e-5e1b-8864-74e494879dc9,2021-06-08T08:15:00,6.82,8.23,3.6,7.8,0.517,0.0233,1489,,No odour detected; water colour normal.
9f541dd9-465f-5b7d-92ef-38bd2d205337,351b1a48-d61e-5e1b-8864-74e494879dc9,2021-01-15T08:45:00,9.85,15.18,69.4,126.62,0.139,0.0781,44480,20d55621-1e25-59cd-84d1-cd62f17d365e,Visible surface scum across the inlet; algaecide application being considered.
ef2d7137-ec40-501a-a34c-6d4d3c523ef2,eca073c0-5e52-579f-bcec-8c21817761a0,2020-01-25T07:45:00,8.78,1.6,63.1,65.15,0.085,0.0574,84014,6baca93a-e6a8-5985-adbf-9d7173d62c45,Cell count 84014 cells/mL; DO crash risk overnight; aeration deployed.
655973ca-0304-5680-8b17-e6f09114f70c,531f37c3-084e-55b3-bc9b-0db5281b54d8,2023-06-07T09:00:00,10.07,11.96,74.3,101.43,0.068,0.0841,178052,9e0fb491-3df2-50f7-8412-29e49ab46b3a,Dense Anabaena flos-aquae bloom; strong musty odour; recreational advisory in effect.
aa8bd0f7-1efa-5c17-bf81-c701a297ff47,e10104b9-374c-53ba-b755-997b9f7a62c5,2022-05-03T09:00:00,7.36,8.66,2.6,7.81,1.943,0.0303,507,,Parameters within seasonal baseline; no intervention required.
7d44f08c-7691-516f-8d3f-2f520acaefb6,351b1a48-d61e-5e1b-8864-74e494879dc9,2022-01-08T08:00:00,10.02,15.93,78.4,109.09,0.165,0.0866,141778,9e0fb491-3df2-50f7-8412-29e49ab46b3a,pH elevated to 10.02; intense photosynthetic activity driving CO2 depletion.
771c27b2-fd17-5778-ab94-033f14aafdf2,e967cd58-d230-511a-8d81-255fab5748a9,2022-02-18T10:00:00,8.69,14.96,34.4,59.73,0.086,0.0708,132666,6baca93a-e6a8-5985-adbf-9d7173d62c45,Visible surface scum across the inlet; algaecide application being considered.
6077a0a9-85f8-588b-a6a0-a854c0c7de1a,bcc87cef-0c77-5c30-a67c-77e013a3936e,2020-07-22T09:00:00,7.63,7.59,1.7,6.13,1.323,0.0321,1770,,Parameters within seasonal baseline; no intervention required.
8a1f1a49-2e37-598c-bb33-6a0e4c46315d,5ed1bbc9-c108-56e0-91b0-3b8effae2539,2024-01-17T10:00:00,9.73,14.77,41.6,176.76,0.194,0.0472,201588,57175a01-e6a9-523b-b23d-37f4179719b1,Visible surface scum across the inlet; algaecide application being considered.
c517f45c-f560-5f10-906d-9224d8428b14,ab224cb4-5f16-5681-bee5-02bc215256d6,2023-12-23T07:30:00,10.07,15.24,36.0,273.55,0.069,0.0718,91203,04762f8c-7329-5da8-8726-bd42e76c1009,Dense Dolichospermum circinale bloom; strong musty odour; recreational advisory in effect.
dfb66669-eccb-5fae-a104-dec8c2c328b6,b2d06226-66a9-50c0-a5ba-58ae32da68f7,2020-08-14T09:15:00,8.83,3.49,68.1,198.67,0.19,0.0471,148089,9e0fb491-3df2-50f7-8412-29e49ab46b3a,Active bloom confirmed; site closed to recreational use; water supply intake protected.
2792010b-af58-5395-9ed8-adee3b63fdd2,eca073c0-5e52-579f-bcec-8c21817761a0,2022-02-16T09:15:00,9.53,3.73,100.1,233.0,0.15,0.0825,55855,0fbf8c30-0f98-5d7c-beb8-ee18ea1981aa,Visible surface scum across the inlet; algaecide application being considered.
c453ed2d-7645-554b-87f6-0afdf2d13e1b,a8948238-32f6-5d28-bf54-0805f1c4affa,2021-12-26T09:15:00,10.18,12.53,82.2,199.64,0.126,0.0994,81079,bb7ccfc9-8dd6-5d7f-8049-7693be1a646a,Cell count 81079 cells/mL; DO crash risk overnight; aeration deployed.
1f1a5355-b224-548d-b049-4f5ce9693570,86ad11ee-e67c-5f6f-afff-13708776a73c,2021-07-05T10:00:00,7.36,8.15,4.6,7.14,0.668,0.0305,1731,,Water clarity good; no visible algal growth observed at surface.
beb12f9d-bacc-565c-8aea-2f03bfbdded9,bcc87cef-0c77-5c30-a67c-77e013a3936e,2023-07-25T10:30:00,6.85,7.65,4.0,3.9,0.862,0.0223,1122,,"Fortnightly grab sample; weather overcast, light wind."
664b6055-526a-58a4-8634-c2d552232d3a,a113884d-c740-5822-aff6-d6cd26c56d78,2021-07-11T07:45:00,9.64,1.99,44.3,116.97,0.067,0.0359,89990,bb7ccfc9-8dd6-5d7f-8049-7693be1a646a,Visible surface scum across the inlet; algaecide application being considered.
bf98355a-745e-50d0-a671-e625d146a41c,eca073c0-5e52-579f-bcec-8c21817761a0,2020-05-06T07:45:00,7.42,8.22,8.6,2.14,1.138,0.0174,722,,No odour detected; water colour normal.
e0d25e66-bf9d-575e-9692-ca30e1228e42,bcc87cef-0c77-5c30-a67c-77e013a3936e,2023-12-12T07:00:00,8.98,15.71,70.4,127.15,0.021,0.0218,55110,cf81345d-3a1a-5d00-bd57-4ce4595edac0,Visible surface scum across the inlet; algaecide application being considered.
8d1691e1-b8b1-5075-8a3b-3193365c6301,b2d06226-66a9-50c0-a5ba-58ae32da68f7,2022-02-22T07:00:00,6.89,8.64,6.7,1.45,0.415,0.0143,1223,,"Fortnightly grab sample; weather overcast, light wind."
421a926f-92eb-574b-9d11-0bfc1ec205ae,ab224cb4-5f16-5681-bee5-02bc215256d6,2022-07-16T09:30:00,7.09,9.22,3.9,8.17,1.031,0.0208,1783,,"Fortnightly grab sample; weather overcast, light wind."
ef75e288-c920-56ed-b762-29d292df1940,772a0b2b-7df0-558a-9e21-d4f42aaaff10,2022-06-26T07:15:00,6.99,9.11,2.1,2.47,1.14,0.0404,354,,Parameters within seasonal baseline; no intervention required.
60c05e5c-1eb2-5a38-9070-35b6db2667a1,531f37c3-084e-55b3-bc9b-0db5281b54d8,2024-06-20T08:45:00,10.06,15.38,48.5,194.09,0.085,0.0388,154431,5680fb2c-596c-5cae-9da2-9a2830c88c15,Active bloom confirmed; site closed to recreational use; water supply intake protected.
ade644dc-8b1d-5f98-95c9-2b9ca12a26c3,5a50eb3d-6685-51a0-8ed5-93d22c90f50d,2021-12-06T09:00:00,9.7,1.66,24.1,128.88,0.19,0.0802,148680,1596303d-c95b-55e3-b24c-256261143588,Dense Cylindrospermopsis raciborskii bloom; strong musty odour; recreational advisory in effect.
83b77750-54c8-51b2-a93a-2544b233a001,351b1a48-d61e-5e1b-8864-74e494879dc9,2022-06-08T07:45:00,6.93,8.89,3.9,5.47,0.908,0.0359,1106,,Parameters within seasonal baseline; no intervention required.
87276f30-1fc0-5deb-abdf-3ff3c38f3a92,a113884d-c740-5822-aff6-d6cd26c56d78,2023-12-17T10:45:00,7.36,9.18,4.5,3.47,0.435,0.0174,206,,Parameters within seasonal baseline; no intervention required.
7543cfbc-0c20-551d-bf18-029d282d8542,86ad11ee-e67c-5f6f-afff-13708776a73c,2021-12-18T07:30:00,8.88,4.85,23.0,58.38,0.065,0.1023,182879,04762f8c-7329-5da8-8726-bd42e76c1009,Cell count 182879 cells/mL; DO crash risk overnight; aeration deployed.
0ec5c4fc-6a75-5597-9a3b-5719fb18a97d,e10104b9-374c-53ba-b755-997b9f7a62c5,2024-07-02T10:30:00,7.48,8.21,3.5,3.28,1.598,0.0246,1293,,No odour detected; water colour normal.
e34f5e63-4dae-5bf3-b645-f35e237a9f41,531f37c3-084e-55b3-bc9b-0db5281b54d8,2020-12-09T08:00:00,6.83,9.48,4.3,8.49,1.822,0.0169,337,,Routine monitoring sample; all parameters within normal range.
72f0b8e7-5e2b-572b-a6f6-81f44b28cb5e,a113884d-c740-5822-aff6-d6cd26c56d78,2023-08-19T08:15:00,9.06,12.08,35.4,207.45,0.036,0.0661,34584,ca560248-021f-5df5-a733-fe7977306070,Cell count 34584 cells/mL; DO crash risk overnight; aeration deployed.
b9f2cb33-58fd-524d-8e28-20644eb2e4dd,aba731cc-dbfa-53d8-b97d-8a5745c8ba9a,2021-06-14T10:00:00,9.73,16.46,47.4,190.7,0.143,0.0286,90495,d46f0473-de90-53e3-9903-6adc9b3946ee,Cell count 90495 cells/mL; DO crash risk overnight; aeration deployed.
85435647-d327-5079-91f1-a05b9cf3617f,a113884d-c740-5822-aff6-d6cd26c56d78,2020-06-10T07:30:00,8.98,14.22,57.0,303.41,0.173,0.0615,70544,1596303d-c95b-55e3-b24c-256261143588,Visible surface scum across the inlet; algaecide application being considered.
f72d2f11-1971-5b02-9b95-d9576c26ed64,5a50eb3d-6685-51a0-8ed5-93d22c90f50d,2021-06-19T09:45:00,7.28,8.52,5.8,3.02,1.779,0.0122,333,,Routine monitoring sample; all parameters within normal range.
6ac9b46f-558d-565f-aefe-e2c1449fd821,5ed1bbc9-c108-56e0-91b0-3b8effae2539,2020-02-25T09:00:00,9.8,3.32,94.4,125.1,0.199,0.0579,148902,9e0fb491-3df2-50f7-8412-29e49ab46b3a,Visible surface scum across the inlet; algaecide application being considered.
808fb901-e68d-5a39-9677-700337f4c406,351b1a48-d61e-5e1b-8864-74e494879dc9,2020-01-03T09:30:00,9.63,4.65,58.0,230.06,0.079,0.0867,165335,04762f8c-7329-5da8-8726-bd42e76c1009,Cell count 165335 cells/mL; DO crash risk overnight; aeration deployed.
7fc8478a-0bda-5495-9ec3-0b07bc4a3caa,28fc10d6-50dd-5ec3-87d9-0f145db4d4d5,2023-06-23T08:45:00,9.21,2.84,33.9,221.59,0.145,0.081,65412,4c089a24-b623-5281-823a-61567896dc26,Cell count 65412 cells/mL; DO crash risk overnight; aeration deployed.
280dc356-91e9-5e5a-9438-abfb02d29ab9,e967cd58-d230-511a-8d81-255fab5748a9,2021-12-27T09:00:00,10.1,1.9,35.7,199.37,0.069,0.0765,208117,3fd29343-6777-5cd5-a5a3-1fdfa8b3b197,Visible surface scum across the inlet; algaecide application being considered.
861fac76-d8ff-54e4-b5e1-0b1c4e107b3d,a8948238-32f6-5d28-bf54-0805f1c4affa,2024-06-03T10:00:00,7.54,8.62,2.1,1.48,1.931,0.0288,1572,,"Fortnightly grab sample; weather overcast, light wind."
03739f60-fdbc-5285-ab39-69cb6c00b290,5ed1bbc9-c108-56e0-91b0-3b8effae2539,2023-06-11T10:45:00,7.19,9.49,9.2,8.85,1.193,0.0094,1228,,Routine monitoring sample; all parameters within normal range.
cc20a47f-9500-5cc7-abd3-55e632e61122,a9c590d5-ecfb-5d7b-b134-ebbae6ac853c,2022-05-18T07:15:00,7.52,8.37,1.5,3.82,1.313,0.0149,1568,b645cfbb-2bae-5340-a4ca-762e54c013c0,Routine monitoring sample; all parameters within normal range.
edc552c2-197c-5d48-a8d8-be4772e6b9d7,e2a66259-a7bb-52d9-9aaa-33350adee837,2024-01-28T07:00:00,9.66,12.83,68.1,80.12,0.098,0.0599,209292,cf81345d-3a1a-5d00-bd57-4ce4595edac0,pH elevated to 9.66; intense photosynthetic activity driving CO2 depletion.
54cef456-3458-5405-b106-b10a725163a9,eca073c0-5e52-579f-bcec-8c21817761a0,2023-02-09T08:30:00,10.05,16.34,46.8,285.01,0.165,0.0615,39739,3eea7c7a-2ac4-52e5-91f3-bc1c82e66c0b,Active bloom confirmed; site closed to recreational use; water supply intake protected.
3db70438-5804-5099-8ec7-ae2ff3fd89cb,5ed1bbc9-c108-56e0-91b0-3b8effae2539,2021-06-10T10:45:00,6.92,10.42,5.6,2.91,0.653,0.0284,1331,,Routine monitoring sample; all parameters within normal range.
003eb180-51ea-5ffb-bba2-d0e01fde453a,531f37c3-084e-55b3-bc9b-0db5281b54d8,2023-01-07T08:45:00,7.01,10.22,2.9,8.27,0.739,0.015,1718,,No odour detected; water colour normal.
ea8f9441-6614-50b8-931b-8740d410e7c7,aba731cc-dbfa-53d8-b97d-8a5745c8ba9a,2024-08-26T09:00:00,8.69,3.83,42.9,215.42,0.121,0.081,189539,a4ab21f9-c895-594b-bd89-7e14959bd207,Active bloom confirmed; site closed to recreational use; water supply intake protected.
fd710031-3ff8-59e2-bf1b-06646bd80c6f,e967cd58-d230-511a-8d81-255fab5748a9,2023-12-14T07:15:00,9.75,4.76,87.1,283.3,0.166,0.0393,203835,0fbf8c30-0f98-5d7c-beb8-ee18ea1981aa,Active bloom confirmed; site closed to recreational use; water supply intake protected.
257d00bf-7f9e-501f-ac83-33d65fe0c2de,e10104b9-374c-53ba-b755-997b9f7a62c5,2024-12-25T07:30:00,9.99,14.49,31.6,98.83,0.145,0.0787,63395,fe051665-7950-5d14-8f59-48ae35cead29,Active bloom confirmed; site closed to recreational use; water supply intake protected.
1477a27f-fc14-5fab-93aa-38f444e1f744,5a50eb3d-6685-51a0-8ed5-93d22c90f50d,2022-07-13T10:45:00,7.1,9.27,3.4,5.55,0.496,0.0435,403,,Water clarity good; no visible algal growth observed at surface.
494f71fe-e288-585e-871b-1d5ad167228c,bcc87cef-0c77-5c30-a67c-77e013a3936e,2024-07-02T07:00:00,6.94,8.5,3.6,4.66,1.37,0.0271,871,,"Fortnightly grab sample; weather overcast, light wind."
65f73b04-7700-551a-a5b0-a1679fa2b794,a9c590d5-ecfb-5d7b-b134-ebbae6ac853c,2021-12-27T10:30:00,10.08,13.48,48.0,154.26,0.035,0.0347,103541,1596303d-c95b-55e3-b24c-256261143588,Visible surface scum across the inlet; algaecide application being considered.
45546300-8146-5921-9bfb-b60f9b5b8823,aba731cc-dbfa-53d8-b97d-8a5745c8ba9a,2022-06-01T10:30:00,9.93,4.52,58.8,166.27,0.168,0.0816,175816,a4ab21f9-c895-594b-bd89-7e14959bd207,pH elevated to 9.93; intense photosynthetic activity driving CO2 depletion.
4ddcc000-4c0c-5876-b838-08bfabd3b0a0,28fc10d6-50dd-5ec3-87d9-0f145db4d4d5,2022-06-11T08:45:00,8.69,13.95,92.4,134.62,0.09,0.0532,49945,b645cfbb-2bae-5340-a4ca-762e54c013c0,Visible surface scum across the inlet; algaecide application being considered.
a8c8840a-a799-56e8-851b-d2b40c6c4ee0,772a0b2b-7df0-558a-9e21-d4f42aaaff10,2020-12-11T10:00:00,8.69,4.95,80.5,114.65,0.063,0.0724,40645,139c6e40-31aa-5666-988e-8b9c18d883be,Active bloom confirmed; site closed to recreational use; water supply intake protected.
104379bf-6a94-5962-8b1f-a1c1771bf6ac,28fc10d6-50dd-5ec3-87d9-0f145db4d4d5,2021-12-07T10:45:00,7.19,9.61,2.4,7.02,1.694,0.0103,408,,Parameters within seasonal baseline; no intervention required.
acf40138-12bf-510d-9180-c69c0f9c9195,bcc87cef-0c77-5c30-a67c-77e013a3936e,2024-02-20T07:15:00,10.16,4.28,45.4,303.52,0.156,0.0319,153463,ca85cd3d-6c4f-50f2-ae15-7d41b6d53a49,pH elevated to 10.16; intense photosynthetic activity driving CO2 depletion.

